provincia,latitude,longitude,month,temp_avg,wind_speed_avg,humidity_avg,target_solar_kwh_per_m2,target_wind_mwh,target_hydro_mwh
Azuay,-2.9006,-79.004,1,11.5773,1.8933,88.3806,18.7648,53.6837,6852.7414
Azuay,-2.9006,-79.004,2,12.073,1.5313,87.4912,17.1785,25.5508,8311.9789
Azuay,-2.9006,-79.004,3,12.3677,1.4574,86.308,21.4602,24.5915,11468.7961
Azuay,-2.9006,-79.004,4,11.8671,1.6135,88.622,18.1111,32.281,8469.2523
Azuay,-2.9006,-79.004,5,11.5593,1.8098,85.713,20.9756,42.0964,5323.7848
Azuay,-2.9006,-79.004,6,10.3518,2.3894,86.5537,19.2687,85.1792,3283.2844
Azuay,-2.9006,-79.004,7,10.2303,2.3713,88.7762,19.0934,95.7889,2089.1417
Azuay,-2.9006,-79.004,8,10.324,2.6134,82.8963,22.209,123.9179,1453.5627
Azuay,-2.9006,-79.004,9,10.4281,2.6446,83.3639,23.6057,131.3339,1534.6314
Azuay,-2.9006,-79.004,10,12.4393,1.7268,79.1748,23.9921,41.3268,3161.6812
Azuay,-2.9006,-79.004,11,12.6804,1.7019,82.2132,20.6178,35.3078,4280.43
Azuay,-2.9006,-79.004,12,11.9019,1.1364,87.6481,19.5187,7.7643,4780.6242
Bolívar,-1.5928,-79.044,1,10.8018,0.9584,93.9344,18.9524,2.2989,16983.9031
Bolívar,-1.5928,-79.044,2,11.0234,1.0869,90.6846,22.3654,4.3897,18096.9771
Bolívar,-1.5928,-79.044,3,11.0296,0.994,93.8977,21.4827,1.177,19356.7854
Bolívar,-1.5928,-79.044,4,11.7004,0.9866,92.6195,20.3247,1.2277,15883.8002
Bolívar,-1.5928,-79.044,5,10.9235,1.0977,91.4688,20.8195,3.3225,8650.0356
Bolívar,-1.5928,-79.044,6,10.8504,1.0956,88.2149,20.2964,3.8561,5885.5912
Bolívar,-1.5928,-79.044,7,10.2447,1.0861,87.3433,19.8369,4.8609,2407.7419
Bolívar,-1.5928,-79.044,8,10.3898,1.1594,84.6815,23.431,6.6141,1897.0087
Bolívar,-1.5928,-79.044,9,10.966,1.3063,85.0036,25.7446,11.0149,1367.6298
Bolívar,-1.5928,-79.044,10,11.1886,1.1531,90.2217,22.2591,3.8224,2902.2613
Bolívar,-1.5928,-79.044,11,11.054,1.0823,89.1773,21.9037,4.2687,3548.3792
Bolívar,-1.5928,-79.044,12,10.3397,0.9617,91.7868,21.3881,3.845,6515.4954
Carchi,0.8119,-77.7176,1,12.2153,0.9105,90.4999,19.9678,3.2123,9382.0864
Carchi,0.8119,-77.7176,2,12.9612,1.1506,86.4591,21.405,8.7476,8063.9086
Carchi,0.8119,-77.7176,3,12.2261,0.9409,89.9759,22.0426,4.772,11106.4187
Carchi,0.8119,-77.7176,4,12.726,1.1842,89.1484,19.842,9.99,11314.7654
Carchi,0.8119,-77.7176,5,12.3687,1.0111,90.4947,18.7135,4.1248,9074.0252
Carchi,0.8119,-77.7176,6,11.8286,1.4793,88.7104,18.1394,19.663,6925.7033
Carchi,0.8119,-77.7176,7,11.2941,1.2734,89.6859,19.2325,11.401,4661.4531
Carchi,0.8119,-77.7176,8,11.5928,1.3715,82.9055,23.5086,19.5985,2856.0521
Carchi,0.8119,-77.7176,9,11.8576,1.1289,82.0479,25.3303,12.2936,3485.9562
Carchi,0.8119,-77.7176,10,12.1824,1.2252,85.3357,25.36,14.3266,7785.0321
Carchi,0.8119,-77.7176,11,13.121,0.9359,85.8721,22.3617,5.649,11001.0294
Carchi,0.8119,-77.7176,12,12.6517,1.6436,83.677,22.6818,23.6923,8658.1425
Cañar,-2.7447,-78.8486,1,12.4924,0.9779,87.5901,19.7737,6.5949,9228.0558
Cañar,-2.7447,-78.8486,2,12.6829,1.1224,90.3938,19.9792,8.1613,9844.1783
Cañar,-2.7447,-78.8486,3,12.0492,0.9549,86.9495,20.6607,6.6054,12073.5689
Cañar,-2.7447,-78.8486,4,12.1832,0.9861,87.3049,19.4569,6.6063,13467.9514
Cañar,-2.7447,-78.8486,5,11.6552,1.0785,89.3976,18.939,10.5714,11033.4569
Cañar,-2.7447,-78.8486,6,10.7937,1.2307,89.756,18.9955,14.8254,9912.2761
Cañar,-2.7447,-78.8486,7,9.7655,1.4337,89.151,17.843,25.0227,6372.0037
Cañar,-2.7447,-78.8486,8,10.2113,1.3689,87.4753,22.183,28.6266,6193.6525
Cañar,-2.7447,-78.8486,9,11.7879,1.2874,83.171,23.2622,24.3476,4558.4958
Cañar,-2.7447,-78.8486,10,12.4879,1.1828,85.059,23.1919,17.679,7160.8027
Cañar,-2.7447,-78.8486,11,13.2961,1.0733,81.4125,23.7037,7.7761,8893.2419
Cañar,-2.7447,-78.8486,12,12.3763,1.0691,87.4708,22.3153,10.6217,9120.2344
Chimborazo,-1.6589,-78.9481,1,8.9447,0.8927,87.6012,24.2316,2.6468,11146.9531
Chimborazo,-1.6589,-78.9481,2,9.3219,0.7,90.7814,20.9333,0.3042,12222.7354
Chimborazo,-1.6589,-78.9481,3,8.8454,0.8179,92.6139,21.1556,0.627,14084.0739
Chimborazo,-1.6589,-78.9481,4,8.9273,0.9417,87.5638,24.5325,1.8622,15870.8292
Chimborazo,-1.6589,-78.9481,5,8.8899,0.971,87.4898,22.9502,2.1499,13095.0352
Chimborazo,-1.6589,-78.9481,6,7.9512,1.017,86.6638,22.6251,3.2532,12900.4702
Chimborazo,-1.6589,-78.9481,7,7.9554,0.9882,85.8436,23.8156,3.7126,8068.7727
Chimborazo,-1.6589,-78.9481,8,8.5067,1.2415,80.0077,27.327,11.7212,7958.5192
Chimborazo,-1.6589,-78.9481,9,8.3383,1.0328,83.2471,27.685,4.3169,5485.9223
Chimborazo,-1.6589,-78.9481,10,9.0193,0.7765,88.8741,24.654,0.0,8436.8248
Chimborazo,-1.6589,-78.9481,11,8.4126,0.9236,82.9306,26.1964,2.5327,10030.6364
Chimborazo,-1.6589,-78.9481,12,8.2066,0.7826,86.6821,24.2549,2.0295,10808.8964
Cotopaxi,-0.9333,-78.6153,1,11.9409,1.6624,84.6222,22.902,33.3398,12557.5494
Cotopaxi,-0.9333,-78.6153,2,12.1299,1.5005,81.4143,24.2409,26.3039,12587.5448
Cotopaxi,-0.9333,-78.6153,3,12.3177,1.3304,87.8397,22.3313,13.1493,15275.7846
Cotopaxi,-0.9333,-78.6153,4,12.5616,1.3681,85.5968,23.348,15.1958,15111.215
Cotopaxi,-0.9333,-78.6153,5,11.2169,1.8404,83.1363,22.9042,37.1749,11619.5839
Cotopaxi,-0.9333,-78.6153,6,11.1582,2.1895,81.4284,22.0192,62.1222,10054.9571
Cotopaxi,-0.9333,-78.6153,7,10.4038,2.2615,83.8705,22.1862,70.7999,6074.4814
Cotopaxi,-0.9333,-78.6153,8,10.4004,2.311,77.2389,27.3449,78.2595,5180.2931
Cotopaxi,-0.9333,-78.6153,9,11.7859,2.1296,76.3589,26.4437,58.7999,4229.3567
Cotopaxi,-0.9333,-78.6153,10,11.5875,1.497,83.9797,25.4412,20.2816,7963.3833
Cotopaxi,-0.9333,-78.6153,11,12.3561,1.093,85.532,21.9787,7.2217,9049.7046
Cotopaxi,-0.9333,-78.6153,12,11.4692,0.9167,88.144,21.0058,3.0029,9963.3494
El Oro,-3.9586,-79.5952,1,17.4857,0.5967,85.5078,19.7117,0.0,4736.8471
El Oro,-3.9586,-79.5952,2,17.5289,0.5567,84.7042,20.0113,0.0,7836.9161
El Oro,-3.9586,-79.5952,3,17.7101,0.5698,86.3353,20.7153,0.0,11763.0756
El Oro,-3.9586,-79.5952,4,17.9779,0.5468,83.2676,19.9558,0.0,5839.3821
El Oro,-3.9586,-79.5952,5,18.4779,0.8025,80.7623,20.4408,0.6165,3137.3606
El Oro,-3.9586,-79.5952,6,18.1625,0.8572,76.392,20.4611,0.76,1772.9736
El Oro,-3.9586,-79.5952,7,18.002,0.8291,74.5929,22.5884,1.2733,1129.2877
El Oro,-3.9586,-79.5952,8,17.782,1.0651,67.8712,24.7983,6.4237,648.55
El Oro,-3.9586,-79.5952,9,19.0901,0.9631,65.312,25.7612,5.0082,780.6921
El Oro,-3.9586,-79.5952,10,19.4402,1.0154,61.2876,26.7168,8.3432,1578.4086
El Oro,-3.9586,-79.5952,11,18.9934,0.9586,67.0121,25.4815,3.5063,2056.7142
El Oro,-3.9586,-79.5952,12,18.0263,0.668,79.387,22.8956,0.1937,3164.1133
Esmeraldas,0.9661,-79.654,1,24.1254,2.0453,84.8525,18.9345,24.2747,18299.6489
Esmeraldas,0.9661,-79.654,2,23.7057,1.4557,90.4036,17.1338,8.0231,14529.9521
Esmeraldas,0.9661,-79.654,3,24.2556,1.5147,87.4295,19.9183,11.2429,17654.3417
Esmeraldas,0.9661,-79.654,4,25.0117,1.6859,85.2053,21.105,12.8746,18294.7848
Esmeraldas,0.9661,-79.654,5,24.9825,1.8867,86.0514,15.6922,18.8631,14071.1029
Esmeraldas,0.9661,-79.654,6,24.0262,2.4586,84.8235,15.1824,36.3272,8996.1992
Esmeraldas,0.9661,-79.654,7,23.9022,2.3,84.3309,14.2372,31.7264,3494.0631
Esmeraldas,0.9661,-79.654,8,24.0997,2.5647,78.3255,17.4726,40.6636,2118.3264
Esmeraldas,0.9661,-79.654,9,24.4658,2.6592,75.6103,17.8173,45.7366,2332.3479
Esmeraldas,0.9661,-79.654,10,24.5101,2.5425,81.2116,17.8295,42.346,5044.9083
Esmeraldas,0.9661,-79.654,11,24.2787,2.3692,76.8713,19.8021,32.9839,4977.6213
Esmeraldas,0.9661,-79.654,12,23.8918,2.1361,81.6488,16.5258,25.1086,9187.5214
Galápagos,-0.9047,-89.616,1,24.6034,5.047,85.9,27.6576,246.4577,2702.0214
Galápagos,-0.9047,-89.616,2,26.2344,2.463,82.5421,28.0222,29.6368,3353.8142
Galápagos,-0.9047,-89.616,3,25.5862,3.1753,84.3267,31.9471,71.9558,3567.025
Galápagos,-0.9047,-89.616,4,24.9526,3.0895,89.3818,27.8131,71.697,3715.3808
Galápagos,-0.9047,-89.616,5,26.3621,5.2625,83.0051,26.0948,313.6902,1461.6696
Galápagos,-0.9047,-89.616,6,24.6487,5.5589,83.9444,24.5899,310.9616,800.1486
Galápagos,-0.9047,-89.616,7,24.6346,6.2361,84.6493,25.5302,450.1987,591.8019
Galápagos,-0.9047,-89.616,8,22.299,6.2169,81.9111,25.1328,442.7701,624.2294
Galápagos,-0.9047,-89.616,9,22.9755,6.0212,82.5082,28.0273,399.601,659.0889
Galápagos,-0.9047,-89.616,10,21.1858,5.1107,81.9269,29.2961,280.8132,650.9821
Galápagos,-0.9047,-89.616,11,20.1363,5.4769,82.8384,24.8067,297.2876,762.0463
Galápagos,-0.9047,-89.616,12,20.9973,16.7578,86.6298,26.0149,111.2725,1335.2023
Guayas,-2.189,-79.884,1,25.3675,1.3349,81.5221,15.0588,4.9998,11998.175
Guayas,-2.189,-79.884,2,25.581,1.1312,85.1231,15.558,0.875,16359.6737
Guayas,-2.189,-79.884,3,25.2152,1.0585,87.2522,18.6924,0.3072,18126.9725
Guayas,-2.189,-79.884,4,25.5192,1.0817,88.5591,15.2734,0.907,12819.4014
Guayas,-2.189,-79.884,5,24.4565,1.307,85.9369,14.6816,3.1714,4783.0562
Guayas,-2.189,-79.884,6,24.0104,1.3679,83.8012,14.39,2.7462,2405.3098
Guayas,-2.189,-79.884,7,23.0735,1.4732,85.1828,13.4778,4.0244,800.1486
Guayas,-2.189,-79.884,8,23.2996,1.5611,79.9789,18.8976,8.697,232.6673
Guayas,-2.189,-79.884,9,23.2025,1.8596,78.3692,18.423,17.7978,253.7452
Guayas,-2.189,-79.884,10,23.5636,1.8064,83.6445,17.4135,14.5599,732.0508
Guayas,-2.189,-79.884,11,24.4466,1.8772,77.8331,17.9026,15.0105,905.5379
Guayas,-2.189,-79.884,12,24.8679,1.6918,76.4863,15.8593,14.0868,3013.3254
Imbabura,0.3517,-78.1225,1,11.8061,0.9939,84.9471,22.6484,3.4453,9382.0864
Imbabura,0.3517,-78.1225,2,12.1918,1.0317,84.875,20.6243,3.7857,8063.9086
Imbabura,0.3517,-78.1225,3,12.5002,0.9484,82.6501,25.2951,2.6372,11106.4187
Imbabura,0.3517,-78.1225,4,12.2037,0.9553,85.557,20.815,3.0297,11314.7654
Imbabura,0.3517,-78.1225,5,12.308,1.2749,80.5457,22.4981,7.6518,9074.0252
Imbabura,0.3517,-78.1225,6,11.962,1.5988,77.1881,21.7197,17.856,6925.7033
Imbabura,0.3517,-78.1225,7,11.6084,1.2273,82.3815,22.2357,7.9124,4661.4531
Imbabura,0.3517,-78.1225,8,11.9166,1.5976,74.2603,23.6257,23.4892,2856.0521
Imbabura,0.3517,-78.1225,9,13.1104,1.6924,69.2751,26.4055,25.9355,3485.9562
Imbabura,0.3517,-78.1225,10,12.7691,1.1135,78.6166,24.8577,6.9951,7785.0321
Imbabura,0.3517,-78.1225,11,12.9204,0.9931,81.5377,23.0721,3.7049,11001.0294
Imbabura,0.3517,-78.1225,12,12.2821,1.0298,83.1202,24.1814,6.2145,8658.1425
Loja,-3.9931,-79.2043,1,16.589,0.8676,80.753,23.3487,7.5882,5742.0996
Loja,-3.9931,-79.2043,2,15.2523,1.2462,82.9368,18.4365,10.0411,7099.1904
Loja,-3.9931,-79.2043,3,14.9634,0.962,86.6546,19.8093,5.1918,9752.5706
Loja,-3.9931,-79.2043,4,14.9405,1.2482,82.8928,17.7792,12.7241,5804.5225
Loja,-3.9931,-79.2043,5,14.5362,1.4543,82.9987,17.018,14.5707,3597.0204
Loja,-3.9931,-79.2043,6,14.814,1.7479,78.502,18.4313,32.8674,3250.8569
Loja,-3.9931,-79.2043,7,13.746,1.7931,79.5312,18.5461,44.7714,2559.3404
Loja,-3.9931,-79.2043,8,13.9047,1.7024,76.0408,22.8821,37.9358,1610.8361
Loja,-3.9931,-79.2043,9,15.2572,1.7533,70.405,23.3465,43.8904,1829.7217
Loja,-3.9931,-79.2043,10,15.8728,1.3006,75.167,23.0852,23.4998,3151.1423
Loja,-3.9931,-79.2043,11,16.3185,1.1428,76.6947,22.8003,13.4757,4077.7581
Loja,-3.9931,-79.2043,12,16.2863,1.8447,73.7653,20.2751,45.8627,5526.4567
Los Ríos,-1.8022,-79.5344,1,23.8626,0.7359,88.1932,13.9248,0.0,16983.9031
Los Ríos,-1.8022,-79.5344,2,23.1844,0.7082,88.056,14.24,0.0,18096.9771
Los Ríos,-1.8022,-79.5344,3,23.8742,0.7125,87.8266,14.9348,0.0,19356.7854
Los Ríos,-1.8022,-79.5344,4,24.6657,0.6902,87.0107,16.1816,0.0,15883.8002
Los Ríos,-1.8022,-79.5344,5,23.6692,0.9148,86.2836,16.7913,0.0,8650.0356
Los Ríos,-1.8022,-79.5344,6,23.0242,0.9296,85.2366,14.8896,0.0,5885.5912
Los Ríos,-1.8022,-79.5344,7,23.0477,1.0464,80.4739,18.308,0.2426,2407.7419
Los Ríos,-1.8022,-79.5344,8,23.1431,1.0761,79.8008,17.8579,0.7807,1897.0087
Los Ríos,-1.8022,-79.5344,9,22.9669,1.1181,81.2811,18.6933,0.31,1367.6298
Los Ríos,-1.8022,-79.5344,10,23.7282,0.9308,86.3078,15.4249,0.0,2902.2613
Los Ríos,-1.8022,-79.5344,11,23.2193,1.0645,83.9817,15.7723,0.4207,3548.3792
Los Ríos,-1.8022,-79.5344,12,23.5862,0.9729,83.1155,14.3797,0.0,6515.4954
Manabí,-1.0546,-80.4544,1,24.8769,1.1582,77.9393,17.1559,2.9438,21556.1806
Manabí,-1.0546,-80.4544,2,25.5713,1.0235,82.9409,17.9946,1.5854,21878.0236
Manabí,-1.0546,-80.4544,3,25.3967,1.0313,86.3384,16.7133,1.1561,23712.6094
Manabí,-1.0546,-80.4544,4,25.8925,0.8961,81.0224,19.3796,1.0906,20037.7629
Manabí,-1.0546,-80.4544,5,25.2215,1.1502,85.9567,17.4441,2.1211,12241.3813
Manabí,-1.0546,-80.4544,6,24.4938,1.1719,82.569,14.8195,1.311,5620.4964
Manabí,-1.0546,-80.4544,7,24.5873,1.2557,70.9967,19.1136,2.3525,2115.8944
Manabí,-1.0546,-80.4544,8,24.7329,1.3008,73.0688,16.4168,2.7223,970.3929
Manabí,-1.0546,-80.4544,9,24.2468,1.4989,70.0672,18.2476,5.6489,1137.3946
Manabí,-1.0546,-80.4544,10,25.0346,1.3699,71.0851,17.8813,3.7268,2616.0886
Manabí,-1.0546,-80.4544,11,25.928,1.299,73.0438,16.8919,2.244,2350.9937
Manabí,-1.0546,-80.4544,12,26.0015,1.1561,82.7572,16.0914,1.176,7601.8167
Morona Santiago,-2.3066,-78.1161,1,20.2132,0.8676,85.1808,19.7285,0.6726,13733.0462
Morona Santiago,-2.3066,-78.1161,2,20.3971,0.7822,83.2922,15.6445,0.4371,14411.5917
Morona Santiago,-2.3066,-78.1161,3,19.8528,0.6751,86.8838,16.6622,0.0369,16775.5564
Morona Santiago,-2.3066,-78.1161,4,20.72,0.6517,82.7103,17.8017,0.1031,21261.9011
Morona Santiago,-2.3066,-78.1161,5,19.7382,0.6386,87.7819,14.9265,0.0331,18662.0262
Morona Santiago,-2.3066,-78.1161,6,20.3005,0.6739,80.6918,16.6663,0.0,19518.9229
Morona Santiago,-2.3066,-78.1161,7,19.7431,0.6363,84.5824,17.2018,0.0,12225.1675
Morona Santiago,-2.3066,-78.1161,8,20.1695,0.852,78.6715,22.0852,0.0777,11465.5533
Morona Santiago,-2.3066,-78.1161,9,20.0439,0.8228,76.8156,22.5184,0.0,8939.4511
Morona Santiago,-2.3066,-78.1161,10,20.4976,0.808,81.9145,21.9269,0.1849,12903.7129
Morona Santiago,-2.3066,-78.1161,11,20.3995,0.7953,85.5424,19.4575,0.1937,14735.8667
Morona Santiago,-2.3066,-78.1161,12,20.4786,0.8152,84.9364,20.2865,0.4721,15514.1267
Napo,-0.9914,-77.8123,1,21.3874,0.7588,86.9079,19.9386,0.0,12314.3431
Napo,-0.9914,-77.8123,2,21.9365,0.797,85.6258,20.1935,0.0,12997.7527
Napo,-0.9914,-77.8123,3,22.0169,0.6834,85.671,19.8315,0.0,14983.9371
Napo,-0.9914,-77.8123,4,21.8176,0.7029,86.0823,18.893,0.0331,16219.4248
Napo,-0.9914,-77.8123,5,21.8055,0.7059,86.9356,18.4244,0.0,13108.8169
Napo,-0.9914,-77.8123,6,21.2755,0.7211,87.266,18.2241,0.0,13013.9664
Napo,-0.9914,-77.8123,7,20.6509,0.6805,84.6526,17.0353,0.0,8009.5925
Napo,-0.9914,-77.8123,8,21.1253,0.8865,80.0981,22.819,0.0,7553.1754
Napo,-0.9914,-77.8123,9,21.9976,0.902,81.39,24.8945,0.0,5339.9986
Napo,-0.9914,-77.8123,10,22.2156,0.8178,81.1551,23.2918,0.0,8652.4677
Napo,-0.9914,-77.8123,11,22.1296,0.7215,86.1398,20.0779,0.0,10036.3112
Napo,-0.9914,-77.8123,12,21.8839,0.7388,85.6965,19.8507,0.0,11052.1027
Orellana,-0.2926,-76.9876,1,25.2655,0.7517,87.9593,19.7592,0.1362,14225.1336
Orellana,-0.2926,-76.9876,2,25.4784,0.7019,89.3993,17.5379,0.0409,15089.3264
Orellana,-0.2926,-76.9876,3,24.6603,0.661,91.4098,19.9591,0.0,23098.9189
Orellana,-0.2926,-76.9876,4,25.0261,0.7474,88.0203,20.5996,1.2757,21669.6769
Orellana,-0.2926,-76.9876,5,24.4762,0.6819,91.7224,18.3075,0.0452,22993.5296
Orellana,-0.2926,-76.9876,6,23.1439,0.6773,93.5594,15.9112,0.1068,23201.8763
Orellana,-0.2926,-76.9876,7,23.3132,0.7854,92.0565,17.3019,0.16,18140.7542
Orellana,-0.2926,-76.9876,8,24.0576,0.6622,88.7957,21.7516,0.1173,13581.4477
Orellana,-0.2926,-76.9876,9,24.5187,0.6548,90.3845,21.3003,0.0331,12462.6989
Orellana,-0.2926,-76.9876,10,24.9063,0.6777,89.2874,21.4485,0.07,17119.2879
Orellana,-0.2926,-76.9876,11,24.8805,0.6761,92.2196,19.3219,0.0,16443.1746
Orellana,-0.2926,-76.9876,12,25.0772,0.7182,89.6763,21.149,0.0,15165.5311
Pastaza,-1.4924,-78.0022,1,20.1203,0.8765,88.0368,18.9969,0.1109,18327.2123
Pastaza,-1.4924,-78.0022,2,20.2494,0.9855,87.391,19.2153,0.14,19218.9686
Pastaza,-1.4924,-78.0022,3,20.1082,0.8932,90.6061,18.5585,0.0783,25060.7827
Pastaza,-1.4924,-78.0022,4,20.2065,0.8825,87.3183,19.5484,0.0,26860.5089
Pastaza,-1.4924,-78.0022,5,19.8082,0.8903,88.2619,18.028,0.0,26244.3864
Pastaza,-1.4924,-78.0022,6,19.1818,0.9059,87.8999,17.0861,0.0,27390.6986
Pastaza,-1.4924,-78.0022,7,18.6954,0.9971,86.8994,18.1545,0.3201,18499.8887
Pastaza,-1.4924,-78.0022,8,19.9402,1.0559,82.4028,23.6311,0.0,14395.3779
Pastaza,-1.4924,-78.0022,9,19.8771,1.1331,79.797,25.4532,0.2025,13151.7833
Pastaza,-1.4924,-78.0022,10,20.8073,1.0363,83.7465,24.7364,0.0369,18764.9836
Pastaza,-1.4924,-78.0022,11,20.6008,0.9858,88.0395,21.2837,0.0,19969.6652
Pastaza,-1.4924,-78.0022,12,20.6493,0.9668,85.2679,21.259,0.0331,19972.9079
Pichincha,-0.2295,-78.5243,1,13.1283,0.937,82.309,19.3198,3.9299,13187.4536
Pichincha,-0.2295,-78.5243,2,13.7575,0.8604,83.0191,17.1024,2.216,11525.5442
Pichincha,-0.2295,-78.5243,3,12.8692,0.9433,86.462,19.4332,4.2757,15019.6073
Pichincha,-0.2295,-78.5243,4,12.9387,0.9373,82.8394,20.4734,2.6008,14000.5731
Pichincha,-0.2295,-78.5243,5,13.6619,0.8642,78.9492,20.158,1.1523,10257.6289
Pichincha,-0.2295,-78.5243,6,13.0069,0.9209,74.804,19.5878,2.0387,6247.9686
Pichincha,-0.2295,-78.5243,7,13.3172,0.9691,70.405,19.9277,4.0339,3507.8448
Pichincha,-0.2295,-78.5243,8,13.8854,1.0308,66.3185,21.5669,3.9664,2385.8533
Pichincha,-0.2295,-78.5243,9,13.8876,0.9611,69.5093,22.166,1.9472,2896.5864
Pichincha,-0.2295,-78.5243,10,11.8097,0.9604,85.9033,20.2467,5.607,6923.2712
Pichincha,-0.2295,-78.5243,11,12.3311,0.8693,86.462,18.4976,3.9483,8498.4371
Pichincha,-0.2295,-78.5243,12,12.0295,0.8507,87.7582,16.5525,2.9058,8852.7075
Santa Elena,-2.2278,-80.8585,1,24.7986,2.7459,75.0149,22.9621,64.8497,7182.6912
Santa Elena,-2.2278,-80.8585,2,24.8407,1.6807,84.0408,18.3811,13.933,13133.1375
Santa Elena,-2.2278,-80.8585,3,25.2116,2.0079,78.7155,24.5848,25.8632,14651.5552
Santa Elena,-2.2278,-80.8585,4,24.1442,2.1104,81.7407,24.1333,28.0117,9657.7202
Santa Elena,-2.2278,-80.8585,5,23.7927,2.666,80.3425,25.8213,57.4252,2629.0596
Santa Elena,-2.2278,-80.8585,6,23.3695,2.8714,85.3242,16.4209,62.8284,991.4708
Santa Elena,-2.2278,-80.8585,7,22.9663,3.0883,81.2829,24.2031,81.8975,391.5621
Santa Elena,-2.2278,-80.8585,8,21.3319,3.2658,77.0499,26.0537,92.0554,62.4229
Santa Elena,-2.2278,-80.8585,9,24.0474,3.4169,75.4785,27.0605,107.8881,86.7436
Santa Elena,-2.2278,-80.8585,10,21.9756,3.3188,77.9432,27.6691,100.4258,243.2063
Santa Elena,-2.2278,-80.8585,11,22.34,2.979,80.6014,23.924,71.89,362.3773
Santa Elena,-2.2278,-80.8585,12,23.2756,2.9434,76.5162,25.0378,80.0866,1524.0925
Santo Domingo de los Tsáchilas,-0.253,-79.1753,1,20.5305,1.0054,91.4623,16.4611,1.3055,22026.3794
Santo Domingo de los Tsáchilas,-0.253,-79.1753,2,20.7075,0.989,91.9159,16.4122,0.7022,21201.9102
Santo Domingo de los Tsáchilas,-0.253,-79.1753,3,21.6808,0.9787,89.9519,18.1494,0.5528,24107.4142
Santo Domingo de los Tsáchilas,-0.253,-79.1753,4,21.6984,0.9891,91.4396,16.7359,0.6379,21645.3563
Santo Domingo de los Tsáchilas,-0.253,-79.1753,5,20.8981,0.9284,89.0686,17.8792,0.2156,14419.6986
Santo Domingo de los Tsáchilas,-0.253,-79.1753,6,20.7052,1.0093,88.7189,17.1516,0.8756,7277.5417
Santo Domingo de los Tsáchilas,-0.253,-79.1753,7,20.2025,0.9196,89.9751,18.356,0.1709,3129.2538
Santo Domingo de los Tsáchilas,-0.253,-79.1753,8,20.1313,0.9628,89.1945,18.4028,0.2931,1815.94
Santo Domingo de los Tsáchilas,-0.253,-79.1753,9,20.6076,1.0214,90.8736,18.4169,0.9215,2083.4669
Santo Domingo de los Tsáchilas,-0.253,-79.1753,10,20.8371,1.1791,87.7952,20.9487,3.4162,5172.1862
Santo Domingo de los Tsáchilas,-0.253,-79.1753,11,20.5274,1.1245,89.4843,18.1997,3.0726,5123.545
Santo Domingo de los Tsáchilas,-0.253,-79.1753,12,20.4342,1.1028,91.0424,18.2186,2.6646,10387.3389
Sucumbíos,0.078,-76.8969,1,25.1522,0.7645,87.6028,21.479,0.0663,13678.7302
Sucumbíos,0.078,-76.8969,2,24.1353,0.7236,90.362,19.5794,0.0,13822.2219
Sucumbíos,0.078,-76.8969,3,23.5269,0.6347,94.0089,17.559,0.0829,19908.0529
Sucumbíos,0.078,-76.8969,4,24.3525,0.713,91.3802,17.8276,0.038,19304.9014
Sucumbíos,0.078,-76.8969,5,24.3032,0.7601,90.3238,16.5527,0.7527,19445.9611
Sucumbíos,0.078,-76.8969,6,23.2083,0.6292,93.4615,13.613,0.1114,17086.8604
Sucumbíos,0.078,-76.8969,7,23.154,0.7343,92.196,15.6165,0.0,12308.6683
Sucumbíos,0.078,-76.8969,8,23.2758,0.6519,90.9567,17.4707,0.1731,7377.2562
Sucumbíos,0.078,-76.8969,9,24.9305,0.6595,88.6077,22.1067,0.0,8501.6798
Sucumbíos,0.078,-76.8969,10,24.5815,0.6728,89.5469,23.4138,0.0452,13938.1502
Sucumbíos,0.078,-76.8969,11,24.4765,0.6595,89.984,21.7283,0.0,17261.9689
Sucumbíos,0.078,-76.8969,12,25.3854,0.7324,87.0753,24.2893,0.0,13773.5806
Tungurahua,-1.2393,-78.6233,1,12.553,1.2129,81.014,26.2255,11.9235,13281.4933
Tungurahua,-1.2393,-78.6233,2,12.559,0.9388,86.0537,21.0358,5.2445,13078.8214
Tungurahua,-1.2393,-78.6233,3,11.9972,1.0331,87.6279,23.5135,7.7932,17715.9539
Tungurahua,-1.2393,-78.6233,4,12.2053,1.2524,88.3671,22.4558,15.5931,17308.1781
Tungurahua,-1.2393,-78.6233,5,11.7871,1.2018,88.3901,22.4272,12.667,16116.4675
Tungurahua,-1.2393,-78.6233,6,10.8356,1.5922,89.1846,21.2443,26.2869,14084.0739
Tungurahua,-1.2393,-78.6233,7,9.8474,1.7931,88.0052,22.6466,40.7658,9701.4973
Tungurahua,-1.2393,-78.6233,8,10.6718,1.6207,85.0216,27.0962,35.162,6996.2331
Tungurahua,-1.2393,-78.6233,9,11.836,1.3203,81.3334,27.3995,23.3929,6809.775
Tungurahua,-1.2393,-78.6233,10,11.7338,0.9575,86.3052,24.8368,8.3338,12127.885
Tungurahua,-1.2393,-78.6233,11,12.465,0.9558,83.8588,23.2295,8.257,14176.4923
Tungurahua,-1.2393,-78.6233,12,12.5627,1.0825,86.449,23.4292,8.6544,12924.7908
Zamora Chinchipe,-4.0689,-79.0015,1,16.3109,1.1004,86.3413,22.1172,3.4055,6769.2406
Zamora Chinchipe,-4.0689,-79.0015,2,16.1843,0.8748,87.9465,18.4003,0.1477,7509.3983
Zamora Chinchipe,-4.0689,-79.0015,3,16.1092,0.8641,92.1941,18.6513,0.2434,9973.8883
Zamora Chinchipe,-4.0689,-79.0015,4,15.5189,1.0612,92.4573,19.7345,0.5669,7263.76
Zamora Chinchipe,-4.0689,-79.0015,5,15.9366,0.9592,87.0414,22.4374,1.2838,5015.7236
Zamora Chinchipe,-4.0689,-79.0015,6,15.2034,1.0635,89.5957,18.2122,1.8102,4607.1371
Zamora Chinchipe,-4.0689,-79.0015,7,14.2574,1.3274,91.1793,21.1419,9.2002,3599.4525
Zamora Chinchipe,-4.0689,-79.0015,8,14.6184,1.2236,87.7038,24.1872,8.7278,2462.0579
Zamora Chinchipe,-4.0689,-79.0015,9,15.1094,1.1855,87.924,24.8247,6.2994,2664.7298
Zamora Chinchipe,-4.0689,-79.0015,10,16.0395,0.8688,87.2228,24.1257,1.6037,4242.3277
Zamora Chinchipe,-4.0689,-79.0015,11,16.8797,0.8597,83.6987,22.8478,0.6776,5699.1331
Zamora Chinchipe,-4.0689,-79.0015,12,16.1985,0.8382,88.4427,20.308,0.624,6980.0194
